{"cameraMode":{"drawMode":0,"name":"Shaded","section":"Shading Mode"},"sceneLighting":false,"audioPlay":false,"sceneViewState":{"m_AlwaysRefresh":false,"showFog":true,"showSkybox":false,"showFlares":true,"showImageEffects":true,"showParticleSystems":true,"showVisualEffectGraphs":true,"m_FxEnabled":false},"in2DMode":false,"pivot":{"x":-0.03861524909734726,"y":-0.34536105394363406,"z":-2.634605884552002},"rotation":{"x":-0.19792325794696809,"y":0.0070062861777842049,"z":-0.002674591727554798,"w":-0.9804710745811462},"size":4.815471172332764,"orthographic":false}