{"cameraMode":{"drawMode":0,"name":"Shaded","section":"Shading Mode"},"sceneLighting":false,"audioPlay":false,"sceneViewState":{"m_AlwaysRefresh":false,"showFog":true,"showSkybox":false,"showFlares":true,"showImageEffects":true,"showParticleSystems":true,"showVisualEffectGraphs":true,"m_FxEnabled":false},"in2DMode":false,"pivot":{"x":2.710918664932251,"y":-0.38306593894958498,"z":0.7693898677825928},"rotation":{"x":-0.2564207911491394,"y":0.17115986347198487,"z":-0.047148872166872028,"w":-0.9503824710845947},"size":3.3000171184539797,"orthographic":false}