{"cameraMode":{"drawMode":0,"name":"Shaded","section":"Shading Mode"},"sceneLighting":false,"audioPlay":false,"sceneViewState":{"m_AlwaysRefresh":false,"showFog":true,"showSkybox":false,"showFlares":true,"showImageEffects":true,"showParticleSystems":true,"showVisualEffectGraphs":true,"m_FxEnabled":false},"in2DMode":false,"pivot":{"x":-0.4975452423095703,"y":0.30557167530059817,"z":-0.7461103200912476},"rotation":{"x":-0.030666116625070573,"y":0.9343566298484802,"z":-0.34530603885650637,"w":-0.08290063589811325},"size":2.666588068008423,"orthographic":false}